param,r_emp,r_cv,train_TRAIN,test_TRAIN
0.0001,0.7144,0.7170,0.7332,0.7300
0.00015,0.7144,0.7170,0.7332,0.7300
0.0002,0.7144,0.7170,0.7332,0.7300
0.00025,0.7144,0.7170,0.7332,0.7300
0.0003,0.7144,0.7170,0.7332,0.7300
0.00035,0.7144,0.7170,0.7332,0.7300
0.0004,0.7144,0.7170,0.7332,0.7300
